번호,작업자,금융용어,유의어,정의,비유,왜 중요?,오해 교정,예시,단어 난이도,비고
1,조진용,생산적 금융,,"실물경제(기업 투자, 운영자금, 임금 등)에 기여하는 금융 활동",씨앗에 물을 주는 금융 - 성장의 기반을 만드는 자금,산업 발전과 고용 창출에 직접 기여함,단순히 돈을 빌려주는 것이 아니라 경제성장을 촉진하는 자금 흐름,"정부는 자금이 부동산·주식 등 비생산적 부문으로 흘러가지 않도록, 생산적 금융을 확대하겠다고 밝혔다",,
2,조진용,비생산적 금융,,부동산 투기 등 자산 소유권 이전에 집중되어 부가가치를 창출하지 않는 금융,물만 옮기는 양동이 - 새로운 가치 없이 자산만 이동,경제 내 자원 낭비와 불평등 심화 초래,수익이 나면 다 좋은 금융이 아님 - 실물경제 기여도가 핵심,부동산 담보대출과 같은 비생산적 금융이 늘어났다.,,
3,조진용,관계금융,,기업의 실질적 상황을 이해하고 장기적 관계 속에서 자금을 공급하는 금융 방식,주치의 같은 은행 - 단기 처방 아닌 장기 진단,"기업의 지속가능 성장 지원, 부실채권 예방",단순 친분이 아닌 정보 기반의 장기적 신뢰 시스템,수출입 기업의 자금 부담을 완화하기 위해 정부는 관세금융 지원제도를 확대하겠다고 밝혔다,,
4,조진용,BIS 비율,,은행의 자본 건전성을 측정하는 국제 기준(자기자본/위험가중자산 비율),충격 완충 장치 - 사고 나도 버틸 수 있는 두께,"은행이 위기 시, 손실을 감당할 수 있는 능력 평가",높다고 무조건 좋은 건 아님 - 적정 수준 유지가 중요,은행권의 BIS 비율이 하락하면 금융당국의 경영개선 명령이 내려질 수 있다,,
5,조진용,스테이블코인,,달러 등 법정화폐 가치에 연동되어 가격 변동성이 적은 암호화폐,디지털 세상 속 달러 지폐,"디지털 결제와 송금, 투자 안정성의 핵심 인프라",수익형 코인이 아님 - 가치 안정성이 목표,스테이블코인은 달러나 원화 등 실물자산에 연동돼 가격 변동성이 낮은 암호화폐다,,
6,조진용,고객확인절차,KYC,고객의 신원을 식별하고 확인하는 업무절차,금융의 신분증 검사,자금세탁방지·보안·법규 준수에 필수,개인정보 수집이 아닌 불법거래 방지 목적,금융사는 고객의 신원을 확인하는 KYC 절차를 거쳐야만 계좌 개설이 가능하다,,
7,조진용,위험가중치,,자산의 위험 정도에 따라 은행이 쌓아야 할 자본 비율,무게추 - 위험한 자산일수록 더 무거운 부담,금융시스템 안정성과 대출 건전성 유지,단순 수치 조정이 아니라 대출 구조 전반의 리스크 관리,"부동산 PF 대출의 위험가중치가 높아지면, 은행은 그만큼 더 많은 자본을 쌓아야 한다",,
8,조진용,사모펀드,,소수의 투자자로부터 자금을 모아 비공개로 기업 등에 투자하는 펀드,보이지 않는 큰손,기업 구조조정 및 경영개선에 영향,무조건 기업을 살린지는 않고 단기차익의 목적일 가능성 존재,최근 일부 사모펀드의 환매 중단 사태로 투자자 보호 장치 강화 필요성이 제기됐다,초급,
9,조진용,금융지주회사,,지분 보유를 통해 은행 증권 보험 자산관 리 등의 금융업을 영위하는 자회사들을 소유하여 경영하는 모회사,금융판 그룹 회장 - 여러 금융 자회사를 묶어 관리하는 중심 회사,"그룹 전체의 자본 배분·위험 관리가 용이하고, 시너지 효과를 낼 수 있음","단순히 지분만 보유한 회사가 아니라, 자본 효율화·리스크 관리 핵심 역할을 수행",신한금융지주는 계열사 간 시너지를 위해 금융지주회사 체제로 전환했다.,,
10,조진용,비금융업,,"은행, 증권, 보험 등 전통 금융업이 아닌 산업 전반(IT, 유통, 제조 등)을 의미",은행이 카페를 차리는 것 - 본업 외 다른 사업 영역,금융사가 기술혁신·데이터사업 등에 진출하려면 비금융업과의 융합이 필수,금융사는 본질적으로 금융업만 해야 한다는 구시대적 인식,핀테크 기술의 발달로 금융업과 비금융업의 경계가 모호해지는 빅블러 현상이 나타나고 있다.,,
11,조진용,칸막이 규제,,"금융과 비금융의 영역을 인위적으로 구분해, 상호소유나 진출을 제한하는 규제",벽쌓기 - 섞이지 말라고 벽을 세워둠,"리스크 전이 방지엔 유리하지만, 융합·혁신을 막는 부작용 큼","반드시 안전장치로만 보는 것은 오해, 혁신의 장애요소이기도 함",금융회사의 비금융업 진출을 막는 칸막이 규제로 인해 국내 금융산업의 경쟁력 저하가 우려된다.,,
12,조진용,금융샌드박스,,규제 특례를 적용해 새로운 금융 서비스를 한시적으로 실험할 수 있게 하는 제도,시험운전장 - 새로운 서비스가 안전하게 실험될 공간,혁신적인 서비스가 시장에 빠르게 진입하게 해주는 도우미,"규제가 없는 무법지대가 아닌, 일정 조건 하의 관리된 실험 공간",소액으로도 미국 주식에 투자할 수 있도록 주식을 소수점 단위로 쪼개서 거래하는 서비스가 금융 샌드박스를 통해 가능해졌습니다.,,
13,조진용,리스크 관리,,발생 가능한 손실 요인을 예측하고 최소화하기 위한 전략적 관리 화동,금융회사의 안전벨트,"부실, 유통성 위기 등 금융사고 미연 방지","위기 발생 후 대응이 아닌, 사전예방 중심의 관리 개념",하나금융은 철저한 리스크 관리와 비용 효율화를 통해 내실을 다질 계획이다,,
14,조진용,비상경영 체제,,위기 상황에서 경영 전반을 집중 점검하고 긴축적으로 운영하는 체제,회사의 비상모드,리스크 대응과 신뢰 회복을 위한 위기관리 수단,파산 직전 발동되는 것만이 아니라 신뢰 위기 대응용으로도 사용,우리금융은 신뢰 회복을 위해 한시적으로 비상경영 체제를 가동한다,,
15,조진용,윤리경영,,법과 규정을 준수하고 사회적 핵임을 다하는 기업 운영 철학,금융회사의 양심,고객 신뢰 회복과 내부통제의 근간,"단순히 기부가 아닌, 업무 전반의 정직성과 투명성 실천을 의미",회장은 윤리경영을 확립해 고객에게 신뢰받는 회사를 만들겠다고 다짐했다,,
16,조진용,내부통제,,금융회사가 부정·오류·위험을 예방하고 업무를 투명하게 수행하기 위해 내부 규정과 감시체계를 운영하는 제도,회사 내 브레이크 시스템,금융사고를 막고 고객 신뢰를 유지하는 핵심 장치,"감사부서의 역할이 아니라, 전 임직원이 참여하는 조직문화",금융당국은 각 금융사가 내부통제 체계를 강화해 사고 재발을 방지할 것을 주문했다.,,
17,조진용,가계대출,,"개인이 주택 구입, 생활자금, 학자금 등을 위해 금융기관레서 빌리는 대출",가정의 빚줄 - 당장은 숨통을 트이게 하지만 너무 많으면 옭아매는 밧줄,"소비, 투자, 경기 안정성에 직접적 영향을 주는 거시경제 핵심 변수","단순한 개인문제로 볼 수 없고, 국가 전체 금융 안정성과도 연결됨",가계대출이 늘면서 가계의 금융 부담이 커지고 있다,,
18,조진용,총부채원리금상환비율,DSR,"차주의 상환능력 대비 원리금상환부담을 나타내는 지표로서, 차주가 보유한 모든 대출의 연간 원리금상환액을 연간소득으로 나누어 산출",가계의 체중계 - 빚 부담이 소득에 비해 얼마나 무거운지 재는 도구,"대출자의 상환능력을 평가하는 핵심 지표로, 과잉 대출 방지에 필수",단순 대출 심사 기준이 아닌 금융 시스템 전체 건전성 관리 기준,“DSR이 70%를 넘으면 사실상 생계비를 제외한 모든 소득이 빚 상환에 쓰인다.,,
19,조진용,연체율,,일정 기간 내 상환기일이 지난 대출금의 비율,빚의 체온계 - 연체율 상승은 금융 시스템이 열이 나는 신호,"금융기관의 건전성, 경기 흐름을 판단하는 핵심 지표",일시적 연체는 전체 부실로 이어지지 않음 - 지속적 상승이 위험한 것,비은행권 연체율이 2%를 넘어서며 금융안정에 적신호가 켜졌다,,
20,조진용,금융안전망,,금융위기 시 췽약계층이나 금융기관을 보호하기 위한 정책적 장치,경제의 에어백 — 사고가 나도 큰 충격을 완화,"가계부채, 경기 침체 등으로 인한 시스템 리스크 완화","단순히 지원금이 아니라 제도적 구조(채무조정, 신용보호 포함)",정부는 금융안전망 강화를 위해 채무조정 제도를 확대하고 있다.,,
21,조진용,취약차주,,다중채무자이면서 저소득 또는 저신용 상태인 대출자,빚의 사각지대에 있는 사람들 - 쓰러지기 직전의 도미노 조각,금융위기 시 가장 먼저 피해를 입는 계층으로 금융안전망 정책의 핵심 대상,신용점수가 낮은 사람만이 아니라 소득·채무구조 복합적 문제,취약차주의 3분의 1이 감당 불가능한 대출로 생계에 어려움을 겪고 있다,,
22,조재용,배당,,주식회사가 이익금의 일부를 현금이나 주식으로 할당하여 자금을 낸 사람이나 주주에게 나누어 주는 일.,과일나무의 열배 - 회사가 잘 자라면 주주가 함께 따먹는 결실,회사가 정말 돈을 잘 벌고 있는지 보여주는 증거,"회사 돈을 줄이는 게 아니라, 이미 벌어들인 이익을 '공유'하는 것",삼성전자가 1주당 500원의 현금배당을 실시했다.,,
23,조재용,배당소득,배당금,주식을 보유하는 동안 해당 기업이 영업활동을 통해 벌어들인 이익 중에서 일부를 현금이나 주식 등으로 받는 것,기다리면 떨어지는 과일- 주식으로 보유하고 있으면 주기적으로 떨어지는 용돈,주가가 오르지 않아도 투자자가 안정적으로 수익을 얻을 수 있는 '현금 흐름' 역할,배당 소득이 시세차익보다 덜 중요하다는 것은 잘못된 생각 - 꾸준한 배당이 장기 수익률의 핵심,삼섬전자 100주 보유시 주당 500원 배당이면 5만원의 배당 소득 발생한다.,,
24,조재용,배당소득세,,주주가 법인으로부터 이익을 분배받을 때 발생하는 소득에 대해 부과하는 세금,열매를 따기 전에 정보가 한 입 베어먹는 것,"세금 부담이 질세 수익률을 결정하므로, 투자 수익 계산 시 반드시 고려해야 함","배당 소득세율은 항상 일정하다고 착각하지만, 소득 수준에 따라 종합과세나 분리과세로 달라짐",배당금 200만원 수령 시 15.4% 세금 공제면 실제 수령액은 약 169만원이다.,,
25,조재용,감액배당,,자본준비금 등 납입자본을 감액해 주주에게 현금을 배당하는 방식,나무가 스스로 가지를 잘라 열매를 만드는 것,기업이 재무 구조를 조정하거나 자본 효율을 개선하기 위한 전략으로 활용됨,감액배당은 '좋은 뉴스'만은 아님-회사의 성장 여력을 줄여 단기적인 유도성 확보일 가능성이 있음,"회사가 자본금 100억 중 10억을 줄인 후, 이를 현금으로 주주들에게 배당한다.",,
26,조재용,이익잉여금,,"기업이 순이익을 벌어들인 후, 배당 등으로 주주에게 분배하지 않고 회사 내에 유보한 금액",회사의 저금통-지금 당장 쓰지 않고 미래 투자를 위해 모아둔 비상금,"이익잉여금이 많을수록 연구개발, 신사업 투자, 향후 배당 확대 등 장기적 성장 여력이 커짐",이익잉여금이 전부 배당으로 전환되지는 않음,"LG에너지가 1조원 순이익 중 6천억은 투자, 4천억은 이익잉여금으로 남겨 향후 사업 확장에 사용한다.",,
27,조재용,분리과세,,종합소득과세표준에 합산하지 않고 별도의 세율에 의한 원천징수로써 납세의무가 종결되는 소득,"각자 계산대-다른 사람들과 합쳐서 계산하지 않고, 자기 것만 따로 계산하고 끝내는 방식","세금이 한 번에 정해지고 끝나기 때문에, 종합소득세 신고 부담이 줄고 소득이 일정한 사람에게 유리함",분리과세는 무조건 세금이 적다-경우에 따라서는 종합 과세보다 불리할 수 있음,"예금이자나 배당소득이 2천만원 이하일 때 15.4% 세율로 원천징수되고, 종합소득에 합산하지 않아 별도로 신고할 필요가 없다.",,
28,조재용,세율,,세금을 부과할 때 적용되는 비율,세금의 ‘비례자’ -소득이나 자산에 따라 세금이 얼마나 붙는지를 결정,세금 부담 수준과 조세 형평성을 결정하는 핵심 기준,세율이 높다고 세금이 불공평한 것은 아님-소득 수준에 맞게 설계됨,"예를 들어 소득(소득세)에 대한 세율은 15%, 부가가치(부가가치세)에 대한 세율은 10%이다.",,
29,조재용,과세,,"국가가 법에 따라 국민의 소득, 재산, 거래 등에 세금을 부과하는 행위",‘국가 운영비를 모으는 절차’,정부가 공공서비스를 제공하기 위한 재정 확보의 기초,과세는 벌금이 아니라 공공 이익을 위한 정당한 부담,"예를 들어 급여를 통한 소득 시 '소득세'라는 과세를 부여하고, 부동산을 통한 거래 시 '취득세'라는 과세를 부여한다.",,
30,조재용,직접세,,납세의무자가 담세자로 직접 세금을 내는 조세,내 이름으로 내는 세금,소득 및 자산 수준에 따라 공정하게 과세할 수 있어 조세 형평성 확보의 핵심,"직접세는 부자만 내지 않는다 - 모든 소득자에게 적용되며, 금액에 따라 차등이 될 뿐","직접세에는 소득세, 법인세, 재산세 등이 있다.",초급,
31,조재용,소득세,,개인이 얻은 소득에 대해 부과되는 세금,‘벌이에 대한 국가의 몫’,조세제도 중 가장 기본적이고 소득 재분배 기능을 수행,모든 소득이 과세 대상은 아님 - 비과세 항목도 존재,근로·사업·이자소득 등 다양한 소득에 대해 소득세가 부여된다.,,
32,조재용,근로소득세,,근로자가 받는 급여·보너스 등 근로소득에 부과되는 세금,‘월급에서 자동으로 떼이는 세금’,국민이 체감하는 대표 조세로 재정 안정성에 기여,전액 회사가 내주는 게 아니라 급여에서 원천징수됨,월급 400만원 중 근로소득세란 항목으로 30만원이 원천징수된다.,,
33,조재용,이자소득세,,"예금, 적금, 채권 등에서 발생한 이자소득에 부과되는 세금",‘이자 수익의 세금 통행료’,금융소득 과세를 통해 자본소득의 공정한 부담 실현,이자소득세는 항상 15.4% - 일정 금액 초과 시 종합과세 가능,"예금을 통해 이자가 100만원이 발생했을 때 이 중 이자소득세가 15.4%일 경우, 84만6천원만 이자소득으로 수령된다.",,
34,조재용,양도소득세,,부동산·주식 등 자산을 팔아 이익이 생겼을 때 부과되는 세금,‘팔아서 생긴 차익의 일부를 내는 세금’,자산시장 안정과 투기 억제 역할,모든 거래에 부과되지 않음 - 1주택자 비과세 가능,"부동산을 통해 양도차익이 5천만원이 발생했을 때 양도스득세가 15%일 경우, 4,250만원이 수령된다.",,
35,조재용,퇴직소득세,,퇴직금 등 퇴직으로 인한 소득에 부과되는 세금,‘퇴직 보너스의 일부를 사회로 돌려주는 몫’,장기근속을 고려해 세율이 낮게 적용됨,퇴직소득세는 면제가 아닌 일부 공제,"20년 근속 퇴직금이 1억원일 때 퇴직소득세가 5%일 경우, 9,500만원이 수령된다. ",,
36,조재용,법인세,,기업(법인)이 벌어들인 이익에 부과되는 세금,‘회사 버전의 소득세’,국가 재정의 핵심 세원으로 기업 투명성 확보,법인세 인하가 항상 좋은 것은 아님 - 불평등 심화 가능,"회사의 순이익이 10억일 때, 법인세가 22%일 경우, 8.8억이 수령된다.",,
37,조재용,재산세,,개인이 보유한 부동산 등 자산에 부과되는 세금,‘집이나 땅을 가진 대가로 내는 유지비’,지방자치단체 재원으로 사용됨,재산세 인상이 집값 하락을 보장하지 않음,아파트 공시가 5억원일 때 재산세가 매년 약 100만원이 측정된다.,,
38,조재용,종합부동산세,종부세,일정 기준 이상의 부동산 보유자에게 부과되는 세금,‘고가 부동산 보유자의 추가세’,부동산 자산 불평등 완화를 위한 보유세,모든 주택 보유자가 대상 아님 - 기준 초과자만 과세,만약 주택의 공시가 15억원 이상일 경우 종합부동산세가 부과된다.,,
39,조재용,취득세,,부동산·자동차 등을 새로 취득할 때 부과되는 세금,‘새 물건 살 때 내는 등록비’,지방세 수입의 중요한 부분,매매뿐 아니라 상속·증여로 인한 취득도 과세,아파트를 5억원으로 매입 시 취득세가 1~3%가 발생한다. ,,
40,조재용,등록세,,부동산·법인·자동차 등의 소유권을 등록할 때 부과되는 세금,‘내 이름으로 바꾸는 수수료’,소유권 공시와 거래 투명성 확보,등록세는 취득세와 별개이며 등록 행위에 부과,부동산 등기 시 등록세 약 0.8%가 발생한다.,,
41,조재용,상속세,,사망한 사람의 재산을 상속받을 때 내는 세금,‘물려받은 재산의 사회 환원금’,세대 간 부의 불평등 완화와 조세 형평성 확보,상속세는 부자만 내는 세금이 아님 - 기준 초과분 과세,"상속 재산이 10억원이고 과세표준 5억원/세율 30%일 때, 5억원을 상회했으므로 총 3억원의 세금이 발생한다.",,
42,조재용,증여세,,타인에게 재산을 무상으로 증여받을 때 부과되는 세금,‘공짜로 받은 재산의 감사세’,불법 증여나 편법 상속 방지,증여세는 증여받은 사람이 부담,"부모가 자녀에게 1억원을 증여 시 증여세가 약 1,400만원 발생한다.",,
43,조재용,종합소득세,,1년 동안 얻은 모든 소득(근로·이자·배당·사업 등)을 합산해 부과하는 세금,‘1년치 수입 전체에 대한 종합결산세’,소득 간 형평성 유지와 공평 과세 실현,한 가지 소득만 있으면 별도 과세되지만 여러 소득은 합산 과세,"근로소득 4천만원,배당소득 1천만원 등의 다양한 소득들을 종합한 후, 종합소득세를 측정한다.",,
44,조재용,간접세,,납부하는 주체와 실제 부담하는 주체가 다른 조세,대신 내주는 밥값,"세금이 가격에 포함되어 소비자에게 전가되므로, 서민에게 상대적으로 부담이 큼","세금은 사업자가 내는 것처럼 보이지만, 결국 소비자가 부담함","간접세에는 부가가치세, 주류세, 담배세 등이 있으며, 이 물건값에 이미 세금이 포함되어 있다.",,
45,조재용,누진세,,과세표준이 증가함에 따라 직면하는 평균세율이 증가하는 조세,높이 오를수록 경사가 가파른 산길,소득 재분배 기능을 통해 사회적 불평등을 완화함,부자 벌주는 세금이 아니라 능력에 따라 공정하게 부담하게 하는 제도,"종합소득세, 상속세 등의 경우 과세 표준이 높아질 수록 세율이 6%, 15%, 24% 등으로 상승한다.",초급,
46,조재용,부가가치세,부가세,상품 또는 서비스의 생산 및 유통 과정에서 발생하는 부가가치에 대해 부과하는 세금,물건이 이동할 때마다 붙는 통행료,"국세 수입의 큰 비중을 차지하며, 거래 투명성 확보와 이중과세 방지 기능을 가짐","부가세는 기업이 내는 돈처럼 보이지만, 결국 실제 부담자는 소비자","1만원짜리 제품의 부가세가 10%이면 소비자는 1만1천원을 지불하며, 사업자는 이를 신고 및 납부한다.",초급,
47,조재용,개별소비세,,"특정 물품이나 서비스에 부과되는 소비세로, 사치성·환경오염 유발 품목에 부과되는 세금",‘특별한 물건에 붙는 사치세’ - 비필수품일수록 세금이 더 붙음,"국민 건강, 환경보호, 과소비 억제 등의 정책 목적을 실현",모든 소비재에 붙는 세금은 아님 - 자동차·주류·담배·레저용품 등 일부 품목만 해당,자동차 구입 시 개별소비세가 5% 부과된다.,,
48,조재용,관세,,외국에서 수입한 상품에 부과되는 세금,‘국경의 통행료’ - 외국 상품이 국내로 들어올 때 내는 세금,국내 산업 보호와 국제무역 균형 유지에 핵심 역할,관세는 수입업자만 내는 게 아님 - 실제 부담은 소비자 가격에 반영,해외에서 들여온 와인에 15% 관세 부과되면 그만큼 소비자에게 주어지는 판매 가격이 상승한다.,,
49,조재용,인지세,,계약서·영수증 등 법적 문서 작성 시 부과되는 세금,‘공식 문서의 도장값’,문서 거래의 신뢰성과 법적 효력을 보장하는 역할,단순 영수증에는 과세되지 않음 - 일정 금액 이상 계약서 등에만 해당,부동산 매매계약서 작성 시 인지세가 7만 원이 부과된다.,,
50,조재용,교통세,,"휘발유, 경유 등 교통 관련 유류에 부과되는 세금",‘도로 유지·교통개선용 주유세’,"도로 건설, 교통 인프라 확충에 사용되어 공공복리 증진에 기여",자동차세와 다름 - 유류 소비량에 따라 부과되는 세금,휘발유 리터당 교통세가 약 529원이 포함되어 있다.,,
51,조재용,주세,,술(주류)의 제조·수입·판매 과정에서 부과되는 세금,‘술 한잔에 붙는 국가 몫’,"과음 억제, 건강 보호, 음주 문화 개선을 위한 정책 수단",주세는 제조업자가 내지만 실제 부담은 소비자가 짐,소주 한 병 가격 중 약 20%가 주세로 포함되어 있다.,,
52,조재용,담배세,,담배에 부과되는 특별 소비세,‘건강의 대가세’ - 흡연으로 인한 사회적 비용을 보전,흡연 억제 정책과 보건 재정 확보에 기여,담배세 인상은 단순한 세수 확보용이 아니라 공공 건강 목적,"담배 한 갑 5,000원 중 약 3,000원이 담배세로 되어 있다.",,
53,조재용,과세표준,,세금을 부과할 때 기준이 되는 금액이나 수량,‘세금 계산의 밑그림’ - 세율이 여기에 곱해져 세액이 결정됨,"세액 산정의 출발점으로, 조세 공정성과 투명성 확보의 핵심",세율이 높아도 과세표준이 낮으면 실제 세금은 적을 수 있음,"과세표준이 5천만 원에 세율 15%라면, 해당 금액인 5천만원 이상일 때, 15%만큼을 세금으로 내야 한다.",,
54,조재용,공제,,세금 계산 시 일정 금액을 소득이나 세금에서 빼주는 제도,‘세금 할인쿠폰’,저소득층 부담 완화와 조세 형평성 유지에 기여,"모든 납세자에게 동일하지 않음 - 조건(자녀, 의료비, 기부금 등)에 따라 다름",연말정산 시 의료비로 100만 원은 공제된다.,,
55,조재용,세액공제,,계산된 세금에서 일정 금액을 직접 차감하는 제도,‘세금 결제 시 즉시 할인’,실제 납부 세액을 줄여 실질적 절세 효과 제공,공제액이 크다고 모두 환급되는 건 아님 - 세금 범위 내에서만 차감,자녀세액공제로 15만 원이 측정된다면 납부세액 시 15만원이 감소된다.,,
56,조재용,원천징수,,"급여나 이자 등 소득을 지급할 때, 지급자가 미리 세금을 징수해 대신 납부하는 제도",‘세금 선납 시스템’ - 세금을 미리 떼서 국가에 전달,납세 편의성과 세금 누락 방지를 위한 대표적인 제도,회사가 세금을 대신 내주는 게 아니라 급여에서 미리 뗀 금액을 납부,월급 400만 원 중 30만 원이 원천징수 된 후 국세청에 납부된다.,,
57,조재용,예금,,은행에 돈을 맡기고 일정 기간 후 원금과 이자를 돌려받는 것,돈을 맡겨두는 ‘안전한 저금통’,자산을 안전하게 보관하며 이자 수익을 얻음,예금은 수익이 낮지만 원금이 보장됨,시중 은행의 정기예금을 예금자보호법에 기반하여 1인당 5천만원 까지 보호한다.,,
58,조재용,적금,,일정 기간 동안 매달 일정 금액을 은행에 저축하고 만기 시 이자를 함께 받는 상품,매달 돈을 넣어 키우는 ‘저축 식물’,꾸준한 저축 습관 형성 및 목표 자금 마련,이자가 적다고 무시하기 쉽지만 목표 달성에 유용,1년간 매월 10만원 납입하면 만기 시 원금 120만원 + 이자 수익을 수령한다.,,
59,조재용,대출,,금융기관에서 일정 금액을 빌리고 이자를 더해 갚는 행위,‘미리 쓰는 미래의 돈’,큰 자금이 필요할 때 필수적 수단,대출 자체가 나쁜 게 아니라 과도한 대출이 위험,"대출에는 주택담보대출, 신용 대출, 학자금 대출 등이 있다.",,
60,조재용,이자,,돈을 빌리거나 맡긴 대가로 지급되는 금전적 보상,돈의 ‘임대료’,금융거래의 기본 구조를 형성,"“이자가 높으면 무조건 좋다”는 오해 - 예금자에겐 이익, 대출자에겐 부담",예금 이자율 3%면 100만원당 3만원의 이자 수익을 얻는다.,,
61,조재용,원금,,예금·대출 등에서 이자 계산의 기준이 되는 처음의 돈,나무의 줄기 - 이자라는 열매는 여기서 자람,원금이 보전되어야 안정적 자산 관리 가능,모든 상품이 원금보장 아님,"적금의 월 납입액, 대출에서 갚아야 할 원래 빌린 금액을 의미한다.",,
62,조재용,신용등급,,개인의 돈 갚는 능력을 평가한 수치,‘금융 성적표’,대출 한도와 금리를 결정,낮은 등급도 꾸준한 관리로 회복 가능,"신용점수 900점 이상 우량, 600점대 보통 이런 형태이다.",,
63,조재용,담보,,대출금을 갚지 못할 경우를 대비해 제공하는 자산,돈을 빌릴 때 맡기는 ‘보증품’,담보로 금리를 낮출 수 있음,담보가 있어도 상환 능력 중요,"관련 용어는 아파트 담보대출, 자동차 담보대출이 있다.",,
64,조재용,연체,,기한 내에 돈을 갚지 못한 상태,약속 시간에 늦은 돈,신용도 하락과 추가이자 발생,단기 연체는 복구 가능하지만 반복은 위험,카드값이나 대출 이자 연체 시 신용점수가 하락하게 된다.,,
65,조재용,상환,,빌린 돈(원금+이자)을 갚는 행위,빌린 물건을 돌려주는 일,금융 신뢰 유지 및 신용도 향상,일부만 갚아도 괜찮다는 오해는 잘못,"관련 용어는 원리금 균등상환, 만기일시상환 방식이 있다.",,
66,조재용,수수료,,금융서비스 이용 대가로 내는 비용,문을 열어주는 ‘입장료’,거래비용 절감이 금융 효율성에 기여,무료 서비스에도 숨은 수수료 존재,"송금 수수료, 카드 연회비, 주식 거래 수수료 등 다양하게 존재한다.",,
67,조재용,주식,,기업의 소유권 일부를 나타내는 증서,회사를 나눈 ‘조각 지분’,기업 성장의 수익을 공유할 수 있음,단기 투기보단 장기 가치투자 수단,"삼성전자 주식을 10주 보유하면, 회사 이익에 따라 배당금 수령이 가능하다.",,
68,조재용,증권사,,주식·채권 거래를 중개하는 금융기관,‘투자시장 중개상’,투자자와 시장을 연결,투자 손실은 본인 책임,"유명한 증권사에는 키움증권, 미래에셋, NH투자증권 등이 있다.",,
69,조재용,시가총액,,주가×총 주식 수로 계산한 회사 가치,회사의 ‘시장 몸무게’,기업 규모와 영향력 판단 지표,시총이 높다고 무조건 우량기업은 아님,애플의 시총총액은 약 3조 달러이다.,,
70,조재용,코스피,,대형 우량주 중심의 대표 주식시장,한국 경제의 ‘체온계’,국내 경기와 투자심리 반영,모든 기업이 성장 중인 건 아님,"코스피에는 삼성전자, 현대차, LG 화학 등이 포함된다.",,
71,조재용,코스닥,,중소·벤처기업 중심 주식시장,‘스타트업 무대’,혁신기업 성장의 자금 통로,위험하지만 성장성 높음,"코스닥에는 대표적으로 셀트리온헬스케어, 에코프로비엠 등이 포함된다.",,
72,조재용,공모주,,기업이 처음으로 일반 투자자에게 공개 판매하는 주식,‘새로 문 여는 가게의 첫 주주 모집’,기업 자금조달과 초기 투자 기회,항상 수익이 보장되진 않음,"공모주에는 카카오뱅크, 크래프톤, IPO 등이 있었다.",,
73,조재용,주가,,주식이 거래되는 시장 가격,회사의 ‘인기 점수판’,기업 가치와 투자심리 반영,주가 상승이 항상 좋은 건 아님,주가가 10만에서 12만으로 상승 시 20%의 수익이 난다.,,
74,조재용,투자,,미래의 수익을 기대하며 자본을 투입,씨앗을 심어 열매를 기다리는 일,자본의 효율적 배분과 경제 성장 원동력,도박과 다름 - 분석 기반 활동,투자의 종류에는 주식·부동산·펀드 등이 있다.,,
75,조재용,주주,,기업의 주식을 소유한 사람,‘회사 공동 주인’,기업 의사결정에 참여 가능,단순 이익 추구가 아닌 성장 동반자,주주의 종류에는 개인·기관·외국인 등이 있다.,,
76,조재용,매출,,상품·서비스를 팔아 얻은 총수입,기업의 ‘매출액 체온’,기업 규모와 활동성을 판단,매출이익과 혼동하면 안 됨,연 매출 1조원으 기업이지만 사용되는 원가와 인건비가 높으면 실제 이익은 적을 수 있다.,,
77,조재용,영업이익,,매출에서 영업비용을 뺀 이익,기업의 ‘실제 장사 실력’,본업 수익성 판단의 핵심 지표,순이익과 혼동 주의,"매출이 100억 원이고 영업 비용이 80억 원이면, 영업이익이 20억 원이 된다. ",,
78,조재용,순이익,,모든 비용과 세금을 뺀 실제 남은 이익,기업의 ‘진짜 손익’,주주 배당 및 투자 판단 근거,현금흐름과 동일하지 않음,"영업이익이 20억 원이고 세금이 5억이면, 순이익이 15억 원이 된다.",,
79,조재용,자산,,"기업이 보유한 현금, 건물, 기계 등 경제적 가치",‘회사 몸의 근육’,재무상태와 성장 여력 판단,자산이 많아도 부채가 많으면 위험,"자산의 종류에는 토지, 설비, 현금 등이 있다.",,
80,조재용,부채,,갚아야 할 채무나 의무,‘회사 몸의 짐’,재무 안정성과 부도 위험 판단,부채 자체는 나쁜 것이 아님 - 성장에 활용,"부채의 종류에는 은행 대출금, 미지급금 등이 있다.",,
81,조재용,자본,,자산에서 부채를 뺀 순수한 자기 돈,기업의 ‘체력’,재무 건전성의 핵심 지표,자본이 많다고 무조건 효율적은 아님,"회사의 자산이 100억이고, 부채가 60억이 경우, 자본은 40억이 된다.",,
82,조재용,재무제표,,기업의 재무상태와 성과를 보여주는 보고서,‘기업의 건강검진표’,투자와 경영 판단의 기본 자료,숫자만 보는 것이 아니라 해석이 중요,"재무제표에는 손익계산서, 대차대조표 등이 포함되어 있다.",,
83,조재용,재무상태표,,"특정 시점의 자산, 부채, 자본 상태를 보여주는 재무제표",기업의 '건강진단서',기업의 재무구조를 한눈에 파악 가능,단순한 장부가 아니라 재무 안정성 판단 기준,삼성전자의 재무상태표를 보면 자본이 크게 늘어났다.,,
84,조재용,손익계산서,,일정 기간 동안의 수익과 비용을 기록하여 이익을 계산한 보고서,기업의 '성적표',경영성과와 수익성을 평가하는 핵심 자료,매출이익만 보는 것이 아니라 순이익까지 확인해야 함,지난 분기 손익계산서상 영업이익이 20% 증가했다.,,
85,조재용,현금흐름표,,일정 기간 동안 현금의 유입과 유출을 보여주는 보고서,기업의 '현금일기장',실제 현금창출 능력을 평가할 수 있음,흑자라도 현금이 없으면 부실할 수 있음,현금흐름표에 따르면 영업활동 현금흐름이 크게 개선됐다.,,
86,조재용,자본변동표표,,일정 기간 동안 자본의 증감 내역을 나타낸 표,주주의 ‘지분변화 기록지’,"자본금, 잉여금 등 변화를 통해 재무활동 이해 가능","단순히 자본금 변동만이 아니라 배당, 평가손익도 포함",회사는 자본변동표에서 배당금 지급으로 잉여금이 감소했다고 보고했다.,,
87,조재용,유동자산,,1년 내 현금화할 수 있는 자산,‘곧 쓸 수 있는 지갑 속 현금’,단기지급능력 판단의 기준,회사의 전 자산 중 일부일 뿐 전체 재산이 아님,기업의 유동자산이 충분해 단기부채 상환이 가능하다.,,
88,조재용,비유동자산,,1년 이상 보유하거나 사용되는 자산,‘장기 투자용 창고’,장기적 성장 기반 확보에 중요,현금화가 느리다고 해서 가치가 낮은 건 아님,비유동자산 비중이 높으면 자산구조가 안정적일 수 있다.,,
89,조재용,현금및현금성자산,,바로 사용할 수 있는 현금 또는 단기예금,‘바로 쓸 수 있는 돈지갑’,유동성 확보와 부도 방지에 필수,많다고 꼭 좋은 건 아님 — 투자 부진의 신호일 수도,현금및현금성자산이 3조원으로 늘었다.,,
90,조재용,매출채권,,상품·서비스를 외상으로 팔고 아직 받지 못한 금액,‘외상값 받을 권리’,현금 유입 예정금으로 단기 자금 계획에 중요,이미 받은 돈이 아님,매출채권이 늘면 현금회수가 늦어질 수 있다.,,
91,조재용,재고자산,,"판매를 위해 보유 중인 원재료, 제품 등",‘창고 속 돈’,적정 재고는 매출과 직결,많다고 좋은 게 아니라 과잉이면 손실 위험,재고자산 회전율이 떨어지면 자금이 묶인다.,,
92,조재용,유형자산,,"눈에 보이는 고정자산(건물, 기계 등)",‘회사 몸집의 뼈대’,생산활동의 기반,감가상각을 통해 가치가 줄어듦,공장의 유형자산 가치는 500억 원이다.,,
93,조재용,무형자산,,"물리적 실체가 없는 자산(특허, 상표권 등)",‘보이지 않는 경쟁력’,장기 경쟁력과 혁신의 근간,인식되지 않은 무형가치도 많음,브랜드 가치가 높은 기업은 무형자산이 크다.,,
94,조재용,감가상각,,유형자산의 가치가 사용·시간에 따라 줄어드는 회계처리,‘차가 해마다 중고가로 떨어지는 것’,실제 현금 유출 없이 비용을 반영,현금 손실이 아니라 회계상 가치 하락,감가상각비 증가로 영업이익이 줄었다.,,
95,조재용,유동부채,,1년 내 상환해야 하는 부채,‘곧 갚아야 할 빚’,단기지급능력(유동비율)에 중요,장기부채와 구분해야 함,유동부채 증가로 단기부채비율이 높아졌다.,,
96,조재용,비유동부채,,1년 이후에 상환해야 하는 장기 부채,‘먼 훗날 갚을 약속어음’,장기 재무전략과 투자계획에 영향,단기 유동성 위기와는 별개,비유동부채 증가는 장기투자 확대 때문일 수 있다,,
97,조재용,매입채무,,상품을 외상으로 사고 아직 대금 미지급인 부채,‘외상값 줄 빚’,단기 현금 유출을 예측 가능,매출채권과 함께 유동성 판단에 활용,매입채무를 제때 갚지 못해 신용등급이 하락했다.,,
98,조재용,사채,,회사가 자금을 조달하기 위해 발행한 채권,‘기업이 찍는 회사채’,외부 차입을 통한 자금 확보 수단,불법 고리대금과 혼동 금지,회사는 500억 원 규모의 사채를 발행해 시설자금을 조달했다.,,
99,조재용,충당부채,,미래에 발생할 가능성이 높은 부채를 미리 추정해 인식한 부채,‘앞으로 쓸 돈을 미리 떼어두는 저금통’,예상손실 반영으로 재무 신뢰성 제고,확정된 부채가 아닌 ‘추정치’임,퇴직급여 충당부채가 증가했다.,,
100,조재용,자본금,,회사 설립 시 주주가 출자한 금액,‘기업의 씨앗돈’,기업의 최소 재무기반,회사 가치와는 별개 개념,“자본금 10억 원으로 회사를 설립했다.”,,
101,조재용,자본잉여금,,자본거래에서 발생한 이익(예: 주식발행초과금),‘주식 발행으로 남은 여유자금’,향후 배당이나 결손보전에 사용 가능,영업이익과는 무관,자본잉여금을 활용해 결손을 보전했다.,,
102,조재용,주식발행초과금,,주식 발행 시 액면가보다 높게 받은 금액,‘프리미엄 주가차익’,기업 신뢰도 및 투자유치 효과,영업이익이 아님,신규 발행주에서 주식발행초과금이 20억 원 발생했다.,,
103,조재용,매출액,,상품·서비스 판매로 얻은 총수입,‘기업의 매출총합’,사업 규모와 성장률 판단의 기본,이익과 혼동 금지 — 매출=수입 아님,매출액이 1조 원을 돌파하며 사상 최대를 기록했다.,,
104,조재용,매출원가,,매출을 올리기 위해 직접 투입된 원가,‘상품을 만드는 데 든 재료비’,원가절감은 수익성 개선의 핵심,고정비 포함 여부 혼동 주의,매출원가 상승으로 영업이익이 감소했다.,,
105,조재용,매출총이익,,매출액에서 매출원가를 뺀 금액,‘장사에서 남은 첫 이익’,기업의 기본 수익력 판단 기준,최종 이익과는 다름,매출총이익률이 30%를 넘으면 효율적이다.,,
106,조재용,경상이익,,영업이익에 영업외수익·비용을 반영한 이익,‘본업 + 재테크 결과’,기업의 실질적 수익성 파악,일시적 이익 포함 시 왜곡 가능,경상이익이 전년 대비 15% 늘었다.,,
107,조재용,영업외수익,,본업 이외 활동에서 발생한 수익,‘부업으로 번 돈’,투자 및 자금운용 성과 평가,영업성과와 구분해야 함,보유 부동산 매각으로 영업외수익이 발생했다.,,
108,조재용,영업외비용,,본업 이외의 손실이나 비용,‘부업에서 잃은 돈’,재무 리스크 파악 지표,일회성 손실인지 여부 중요,환차손 등 영업외비용이 증가했다.,,
109,조재용,법인세비용,,기업이 이익에 대해 납부해야 하는 세금,이익의 일정 부분을 나라에 내는 비용’,순이익 계산의 마지막 단계,현금유출과 회계처리 시점 혼동 주의,법인세비용 인상으로 당기순이익이 줄었다.,,
110,조재용,회계기간,,재무제표 작성 기준이 되는 기간,‘기업의 시간 단위’,손익 비교와 관리 기준 제공,회계기간이 다르면 단순비교 불가,회계기간을 1월~12월로 변경했다.,,
111,조재용,감사보고서,,외부감사인이 기업의 재무제표를 검토 후 의견을 제시한 문서,‘재무제표의 품질보증서’,투자자 신뢰 확보에 핵심,무조건 적정의견이 좋은 건 아님,감사보고서에서 한정의견이 나오며 주가가 하락했다.,,
112,조재용,연결재무제표,,모회사가 자회사 등 관계회사의 재무상태를 합산해 작성한 제표,‘그룹 전체의 통합 가계부’,그룹 실체 전체 재무상태 파악 가능,개별 재무제표와 구분 필요,연결재무제표상 매출액이 10조 원을 넘었다.,,
113,조재용,EBITDA,"이자, 세금, 감가상각비, 무형자산 상각비 차감 전 이익",이자·세금·감가상각비 차감 전 영업이익,‘현금창출력 지표’,기업의 본질적 수익력 평가,회계상 이익과 다름,EBITDA가 개선되며 현금창출력이 높아졌다.,,
114,조재용,자기자본이익률,ROE,순이익 ÷ 자기자본으로 계산되는 수익성 지표,‘투자한 돈 대비 얼마나 벌었는가’,경영 효율성 평가 핵심 지표,높다고 무조건 좋은 건 아님 — 부채 의존 가능성도 있음,ROE가 10%를 넘으면 자본 효율성이 우수한 편이다.,,
115,조재용,대차대조표,,자산 = 부채 + 자본의 등식으로 구성된 재무상태표,‘기업의 균형저울’,기업의 재무건전성 핵심 파악,재무상태표와 같은 의미로 혼용 가능,대차대조표를 통해 자산과 부채의 균형을 점검한다.,,
116,조재용,결산,,일정 기간의 경영성과를 정리하는 절차,‘회계 연말 성적표’,기업의 회계 투명성과 세무기초 확보,결산은 단순 계산이 아닌 보고 절차,연말 결산 보고서 작성 시 제무제표와 손익계산서를 제출한다. ,,
117,조재용,회계,,기업의 거래를 기록하고 정리하는 체계,‘돈의 언어’,재무제표 작성과 투명 경영의 기반,회계=세무가 아님-세무는 과세 중심,"회계 종류 중 하나는 손익 계산서를 작성하는 것으로 매출, 비용, 자산, 부채 등을 기록하는 것이다.",,
118,조재용,금리,,돈을 빌리거나 맡길 때 적용되는 이자의 비율,돈의 ‘사용료’,경기 조절과 투자심리 핵심 변수,금리 인상은 나쁜 게 아니라 인플레 억제 수단,"금리의 종류에는 기준금리, 대출금리, 예금금리 등이 있다.",,
119,조재용,기준금리,,중앙은행이 시중은행 간 거래의 기준으로 정한 금리,‘경제의 체온조절기’,"대출·예금 금리, 환율, 물가 등 경제 전반의 흐름을 결정하는 핵심 지표",기준금리 인상이 경기침체를 뜻하진 않음-인플레이션 억제나 환율 방어 목적일 수도 있음,"한국은행이 기준금리를 2.5%에서 3.5%로 인상하면, 시중은행들의 대출·금리가 함께 상승한다.",,
120,조재용,대출금리,,은행 등 금융기관이 돈을 빌려줄 때 적용하는 이자율,돈을 빌릴 때의 사용료',"가계와 기업의 이자 부담, 소비 여력, 경기 활성화 등에 직접적인 영향을 미침",금리가 높다고 은행이 무조건 이익을 보는 건 아님-연체·부실 위험도 증가,"주택담보대출 금리가 5%로 책정된다면, 1억원 대출 시 연간 이자가 약 500만원이 발생하게 된다.",,
121,조재용,예금금리,,은행에 돈을 맡길 때 받는 이자율,돈을 맡긴 대가로 받는 보관료',"가계의 저축 유인과 소비 심리에 영향을 주며, 금리 인상 시 예금 선호도가 높아짐","예금금리가 높으면 이익이지만, 대출금리도 함께 오르기 때문에 전체 경제에는 양면 효과","시중은행의 예금금리가 3%에서 4%로 오르게 된다면, 1천만원 예금 시 연간 30만원에서 40만원으로 이자 수익이 증가한다. ",,
122,조재용,디플레이션,,물가가 전반적으로 하락하는 현상,‘경제의 식은 엔진’,"소비 감소, 경기침체 유발",물가하락이 항상 좋은 건 아님,"일본은 버블 붕괴 후 부실채권 처리 지원, 지속적인 저소비 심리 등으로 인해 장기 디플레이션을 겪었다. ",,
123,조재용,환율,,한 나라의 통화를 다른 나라 통화로 바꾸는 비율,‘돈의 교환 비율표’,"수출입, 투자, 여행 비용에 직접 영향",환율 상승=경제 위기 아님 - 수출엔 이익,"1달러가 1,200원에서 1,400원로 상승할 경우, 수입품 가격이 상승하게 된다.",,
124,조재용,경기침체,,생산·소비·투자가 전반적으로 위축된 상태,‘엔진이 식은 경제’,"실업 증가, 기업 투자 감소 초래",일시적 조정과 침체는 다름,GDP가 2분기 연속으로 감소 시 경기침체로 간주된다.,,
125,조재용,경제성장률,,일정 기간 동안 경제 규모가 얼마나 커졌는지 나타내는 지표,‘국가의 성장 속도계’,국가 정책 평가와 경기 진단의 핵심,성장률이 높다고 항상 물가 안정은 아님,연간 GDP 성장률 2.5%를 기록한다는 것은 작년 대비 경제가 2.5% 확대되었다는 뜻이다.,,
126,조재용,실업률,,일할 의사는 있지만 일자리를 얻지 못한 사람의 비율,‘일자리 체온계’,경기 건강성을 보여주는 대표 지표,실업률이 낮아도 질 좋은 일자리와 다름,한국의 실업률이 3%로 유지된다는 것은 완전 고용에 가까우나 청년층 고용은 불안할 수 있다. ,,
127,조재용,매몰비용,,이미 지출되어 회수할 수 없는 비용,엎질러진 물',합리적인 의사 결정을 위해 과거의 손실이 아닌 미래의 이익과 비용만 고려해야 함을 알려줌.,“아까운 돈이니까 계속 투자해야지”는 착각 - 매몰비용은 미래 판단에 영향을 주면 안 됨,영화가 재미없어도 “표값이 아까워서” 끝까지 보는 행동이나 이미 낸 개발비 때문에 실패한 프로젝트를 계속 추진하는 결정 등이 있다.,,
128,조재용,가계부실위험지수,HDRI,"가계의 소득 대비 부채 수준과 상환 부담을 종합적으로 평가하여, 가계가 부실화될 위험 정도를 나타내는 지표",빚의 체온계',가계부채로 인한 경제 전반의 불안정성을 조기에 감지하는 역할을 함.,"""소득이 많으면 부채가 많아도 괜찮다""는 오해-HDRI는 소득 대비 부채 비율과 상환능력을 함께 고려함",HDRI는 100을 초과하면 '위험 수준'으로 간주되어 금융 당국이 대출 규제 강화나 금리 인상 대응을 검토한다. ,,
129,손연우,헷지,,투자 등을 진행 할 때 손실 위험을 감소하기 위해 손실이 발생하면 이득을 보는 분야에 투자하는 것,비가 올지 몰라 우산을 챙기는 것,투자 시 손실 위험도를 줄일 수 있음,헷지는 이익을 내기 위한 투자가 아니라 손실을 줄이는 투자,달러 환율 손해를 막기 위해 미리 현재 가격으로 달라를 구매해둠,,
130,손연우,인플레이션,,물가수준이 지속적으로 상승하는 현상,"예전엔 1,000원으로 과자 2개 샀는데, 지금은 1개밖에 못 사는 것",일반 소비자는 생활비 부담과 저축 가치가 줄어들고 근로자들의 임금 인상 욕구가 높아짐,인플레이션이 연 2% 이내의 적당한 수준으로 진행된다면 경제 성장에 도움이 됨,한국은행은 연 5% 물가 상승을 기록하며 한국이 인플레이션에 접어들었다고 고시하였다.,초급,
131,손연우,관세전쟁,,"한 나라가 자국 산업을 보호하려고 수입품에 높은 세금(관세) 을 매기자,
상대국도 보복 관세로 대응하면서 벌어지는 경제적 갈등",반찬을 나눠먹던 친구들이 서로에게 반찬값을 매기며 다투는것,무역 축소로 이어지기 쉽고 이는 수출입에 대한 비용이 증가하여 경제 성장에 악화를 야기함,관세 전쟁은 대부분 승자가 없이 부담만 늘어나는 결과를 초래함,미국 중국 간 관세전쟁은 서로의 수출입 품에 높은 관세를 매기며 이어오고 있다.,,
132,손연우,공포탐욕지수,,미국 CNN이 만든 시장을 투자자들이 바라보는 시각을 수치화 한 지수 100이 시장 과열 상태를 뜻함,"놀이공원 롤러코스터 기준으로 공포지수는 ""무서워서 안타는 사람"" 탐욕지수는 ""신나서 줄서있는사람""을 보여줌","투자자가 새로운 시장에 투자를 고민하거나, 매수 매도 타이밍을 선정하기 위한 참고 지표로 활용",지수가 높으면 무조건 팔아야 하는 것은 아님. 해당 지표가 장기적인지 단기적 인지에 대한 고려가 반영 되어있지는 않음,"코로나 팬데믹 시기에 공포지수 10 이하로 대부분의 투자자들이 주식시장에서 매도세가 이어지고, 이후 회복기에는 탐욕지수 90 이상의 시장 과열을 보여주었다.",,
133,손연우,가상자산시장,,블록체인 기술을 기반으로 한 디지털 자산(코인·토큰 등) 이 거래되는 시장,중앙은행이 없는 인터넷 속의 주식시장,높은 수익성과 동시에 변동성 위험도 매우 큼,"가상자산의 거래는 대부분 합법적이지만, 불법 거래가 일부 존재하는 것",가상자산시장에 가장 핵심적인 자산은 비트코인으로 디지털 금이라고도 불린다.,,
134,손연우,온체인 대출,,블록체인 네트워크 상에서 스마트계약을 활용해 중개자 없이 이루어지는 디지털 자산 대출 구조,은행 창구 대신 프로그램 코드가 자동으로 돈을 빌려주는 탈중앙 금융 구조,"신용심사 없이 담보 기반으로 즉시 대출이 가능하며, 탈중앙화·투명성·접근성 향상의 핵심 기술 영역","중앙은행이 통제하는 대출 시스템으로 혼동되지만, 실제론 개인 간(P2P) 스마트계약으로 운영되는 분산형 서비스",사용자가 이더리움을 담보로 맡기고 DAI 스테이블코인을 빌리는 MakerDAO 대출 프로토콜 이용 사례가 있다.,,
135,손연우,활성 차입자,,금융 또는 디파이(DeFi) 시장에서 대출 자산을 적극적으로 운용·변경하며 수익을 추구하는 차입자 유형,"단순히 돈을 빌려 쓰는 사람이 아니라, 빌린 자금을 투자 수단으로 돌려쓰는 ‘재테크형 대출 사용자’","시장 유동성 증가와 자금 흐름 촉진에 기여하며, 레버리지 전략 및 수익 구조 다변화의 핵심 참여자 역할","단순한 고위험 투자자나 과도한 부채자와 동일시되지만, 전략적 차입과 상환을 반복하며 효율적 자금 운용을 지향하는 투자자 유형","온체인 대출 플랫폼에서 담보 자산을 활용해 스테이블코인을 빌린 뒤,
이를 다시 이자 수익형 풀에 예치하는 Aave 프로토콜 내 적극적 차입 활동 사례가 있다.",,
136,손연우,스마트 계약,,블록체인 상에서 조건이 충족되면 자동으로 실행되는 프로그램 코드 기반 계약,사람이 개입하지 않아도 자동으로 거래·계약을 수행하는 디지털 계약서,"탈중앙화·신뢰성 확보와 중개 비용 절감, 거래 자동화에 핵심 역할","법적 계약과 동일시되지만, 법적 효력은 관할법에 따라 다르며 코드 실행 중심의 자동화 수단",디파이(DeFi) 플랫폼에서 사용자가 담보를 맡기면 자동으로 대출·이자 계산·청산이 진행되는 Aave 스마트 계약이 예시이다.,,
137,손연우,디파이,DeFi,블록체인 기술 기반으로 중개자 없이 금융 서비스를 제공하는 탈중앙화 금융 생태계,은행 없이 스마트 콘트랙트와 P2P 거래로 이루어지는 온라인 금융 시스템,"신뢰 없는 환경에서도 대출, 예치, 거래, 파생상품 등 금융 활동 가능하며 접근성과 투명성 제공","기존 은행과 동일한 안전성을 가진다고 생각하지만, 코드 오류·시장 변동성에 따른 위험 존재","사용자가 이더리움을 담보로 스테이블코인을 빌리고, 이를 유동성 풀에 예치하여 이자 수익을 얻는 Aave 플랫폼 등이 해당된다.",,
138,손연우,전년 동기 대비 증가율,,특정 지표가 전년도 같은 기간 대비 얼마나 변화했는지 비율로 나타내는 성장률,작년 같은 달과 비교해서 성적이 얼마나 올랐는지 확인하는 ‘성장 점수’,계절·월별 변동을 제거하고 장기 추세와 성장 정도를 직관적으로 파악하는 핵심 지표,"단순 증가액과 혼동되지만, 변화율(%)로 표시되므로 규모와 무관하게 성장 정도를 보여줌","한 기업의 2025년 3월 매출이 120억, 2024년 3월 매출이 100억일 때,
전년 동기 대비 증가율 = 20% 성장이라 표현한다.",,
139,손연우,갑기금,,국가나 지방자치단체가 조성하여 특정 목적(산업 육성·기술 개발 등)에 사용하는 공공성 자금,정부가 경제의 특정 분야를 키우기 위해 운용하는 ‘지원용 공동 지갑’,민간 자본이 투자하기 어려운 영역에 자금을 공급하여 산업 경쟁력 강화와 공공 이익 실현에 기여,"일반 투자펀드처럼 수익만을 목적으로 운용된다고 생각하지만,
실제로는 정책 목적(고용 창출·기술 지원 등) 이 우선되는 정책성 자금",중소벤처기업부가 창업·벤처 활성화를 위해 모태펀드(갑기금) 출자금을 기반으로 민간 벤처펀드에 투자하였다.,,
140,손연우,을기금,,"정부가 출자한 모태펀드(갑기금) 자금을 받아
민간 벤처캐피털(VC) 이 운용하는 자(子)펀드 구조의 투자 자금","정부가 씨앗자금(갑기금)을 주고, 민간이 이를 실제로 투자·운용하는 ‘실행형 펀드’","정책 자금이 시장으로 흘러가도록 연결하는 정부-민간 간의 가교 역할,
창업·벤처기업의 성장 자금 공급 핵심 채널","갑기금과 동일한 공공기금으로 혼동되지만, 을기금은 민간 운용사가 실제 투자 결정을 내리는 실행 펀드","모태펀드가 100억 원을 출자하고, 민간 VC가 200억 원을 매칭해 조성한
창업 초기기업 투자용 을기금(총 300억 원 규모) 운용 하였다.",,
141,손연우,생산자물가지수,,기업이 상품이나 서비스를 생산해 도매상이나 소매상에 판매할 때의 가격 수준을 나타내는 지표,"소비자가 물건을 사기 전, 가게 창고에서 형성되는 가격의 체온계",생산 비용 상승이 향후 소비자물가로 전이되기 때문에 인플레이션의 선행 신호로 활용되는 지표,"소비자물가와 동일하다고 생각하기 쉽지만, 생산자물가는 유통 이전 단계의 가격을 의미",최근 국제 원자재 가격 상승으로 9월 생산자물가가 전년 대비 3% 올랐다.,,
142,손연우,담보인정비율,LTV,담보로 제공된 자산 가치 대비 금융기관이 빌려주는 금액의 비율,집값 중 은행이 빌려주는 비율을 보여주는 ‘대출 허용선’의 자,대출 가능 한도와 금융시장의 건전성을 결정하는 부동산·대출 규제의 핵심 지표,"LTV가 높다고 무조건 이득은 아니며, 부채 부담과 상환 리스크가 함께 커짐",아파트 가격이 5억 원일 때 LTV 60%가 적용되면 최대 3억 원까지 대출이 가능하다.,,
143,손연우,주택담보대출,주담대,주택을 담보로 제공하고 금융기관에서 자금을 빌리는 대출 형태,집을 잠시 맡기고 돈을 빌리는 ‘집 담보 대출 계약’의 개념,"개인의 주거 자금 조달 수단이자, 금융시장의 부채 규모와 금리 정책에 직접 영향을 주는 주요 대출 형태","집을 담보로 잡히면 소유권이 넘어간다고 생각하기 쉽지만, 대출 상환 시 소유권은 여전히 대출자에게 있음",신혼부부가 내 집 마련을 위해 주택담보대출 2억 원을 받아 20년 동안 분할 상환하기로 했다.,,
144,손연우,분양가상한제,,"신규 주택 분양 시, 정부가 정한 기준에 따라 분양가의 상한선을 제한하는 제도",집값이 과열되지 않도록 뚜껑을 덮는 ‘가격 캡(cap)’ 제도,주택시장 안정과 실수요자 보호를 위한 정부의 대표적 부동산 가격 규제 수단,"분양가상한제가 적용되면 집값이 무조건 내려가는 것은 아니며, 공급 위축 등 부작용이 함께 발생할 수 있음","정부는 서울 주요 재건축 단지에 분양가상한제를 적용해 분양가를 평당 3,000만 원 이하로 제한했다.",,
145,손연우,기업설명회,"NDR, Non-Deal Roadshow",기업이 투자자나 애널리스트를 대상으로 경영 실적과 향후 계획을 설명하는 공식 행사,투자자에게 회사의 현재 상태와 미래를 소개하는 ‘기업 홍보 프레젠테이션’의 장,투자자에게 회사의 현재 상태와 미래를 소개하는 ‘기업 홍보 프레젠테이션’의 장,"‘기업설명회’가 곧 투자 유치를 의미하는 것은 아니며, NDR은 거래(Deal) 없는 정보 제공 목적의 행사",삼성전자는 해외 기관투자자 대상 NDR을 열어 반도체 시장 전망과 투자 전략을 공유했다.,,
146,손연우,동결,Freeze,기존 수준의 금리나 자산 상태를 변경 없이 그대로 유지하는 결정 또는 조치,움직임을 멈추고 그대로 얼려두는 ‘정지 버튼’의 상태,"금리 동결의 경우 경기 안정 신호로 작용하며, 중앙은행의 통화정책 방향을 가늠하는 핵심 지표","동결이 경제 안정만을 의미하지 않으며, 불확실성 속에서 신중한 관망 전략일 수도 있음",한국은행은 기준금리를 3.5%로 동결하며 경기 상황을 좀 더 지켜보겠다고 밝혔다.,,
147,손연우,개인간대출,"Peer-to-Peer Lending, P2P 대출",금융기관을 거치지 않고 온라인 플랫폼을 통해 개인이나 기업 간 직접 이루어지는 대출 거래 방식,은행을 통하지 않고 사람과 사람이 직접 돈을 빌려주는 ‘디지털 금융 장터’,중개 비용 절감과 투자 기회 확대를 통해 금융 접근성을 높이고 개인 투자 시장을 확장하는 혁신 금융 모델,"P2P 대출은 은행 예금처럼 원금이 보장되지 않으며, 투자 손실 가능성이 존재함",그는 부동산 담보 기반 P2P 대출 플랫폼에 100만 원을 투자해 10개월간 이자를 받았다.,,
148,손연우,온라인투자연계금융업,"P2P금융업, Online Investment-linked Finance Business",온라인 플랫폼을 통해 다수의 투자자 자금을 모아 차입자에게 대출해주는 금융 중개업,여러 사람의 돈을 모아 필요한 사람에게 연결해주는 ‘디지털 금융 다리’,혁신 금융서비스로서 비은행권 대출의 투명성과 투자자 보호를 제도권 안으로 포함한 제도적 틀,"P2P 대출과 완전히 동일하지 않으며, 법적 인가를 받은 업체만이 정식 온라인투자연계금융업자로 활동 가능",해당 스타트업은 금융위원회 인가를 받아 온라인투자연계금융업자로 등록하고 개인 간 대출 서비스를 운영 중이다.,,
149,,,,,,,,,,
150,,,,,,,,,,
151,,,,,,,,,,
152,,,,,,,,,,
153,,,,,,,,,,
154,,,,,,,,,,
155,,,,,,,,,,
156,,,,,,,,,,
157,,,,,,,,,,
158,,,,,,,,,,
159,,,,,,,,,,
160,,,,,,,,,,
161,,,,,,,,,,
162,,,,,,,,,,
163,,,,,,,,,,
164,,,,,,,,,,
165,,,,,,,,,,
166,,,,,,,,,,
167,,,,,,,,,,
168,,,,,,,,,,
169,,,,,,,,,,
170,,,,,,,,,,
171,,,,,,,,,,
172,,,,,,,,,,
173,,,,,,,,,,
174,,,,,,,,,,
175,,,,,,,,,,
176,,,,,,,,,,
177,,,,,,,,,,
178,,,,,,,,,,
179,,,,,,,,,,
180,,,,,,,,,,
181,,,,,,,,,,
182,,,,,,,,,,
183,,,,,,,,,,
184,,,,,,,,,,
185,,,,,,,,,,
186,,,,,,,,,,
187,,,,,,,,,,
188,,,,,,,,,,
189,,,,,,,,,,
190,,,,,,,,,,
191,,,,,,,,,,
192,,,,,,,,,,
193,,,,,,,,,,
194,,,,,,,,,,
195,,,,,,,,,,
196,,,,,,,,,,
197,,,,,,,,,,
198,,,,,,,,,,
199,,,,,,,,,,
200,,,,,,,,,,
201,,,,,,,,,,
202,,,,,,,,,,
203,,,,,,,,,,
204,,,,,,,,,,
205,,,,,,,,,,
206,,,,,,,,,,
207,,,,,,,,,,
208,,,,,,,,,,
209,,,,,,,,,,
210,,,,,,,,,,
211,,,,,,,,,,
212,,,,,,,,,,
213,,,,,,,,,,
214,,,,,,,,,,
215,,,,,,,,,,
216,,,,,,,,,,
217,,,,,,,,,,
218,,,,,,,,,,
219,,,,,,,,,,
220,,,,,,,,,,
221,,,,,,,,,,
222,,,,,,,,,,
223,,,,,,,,,,
224,,,,,,,,,,
225,,,,,,,,,,
226,,,,,,,,,,
227,,,,,,,,,,
228,,,,,,,,,,
229,,,,,,,,,,
230,,,,,,,,,,
231,,,,,,,,,,
232,,,,,,,,,,
233,,,,,,,,,,
234,,,,,,,,,,